INSERT INTO Roles (name, hourly_rate) VALUES
('Администратор', 1500.00),
('Менеджер', 700.00),
('Шеф-повар', 900.00),
('Повар', 600.00),
('Официант', 500.00),
('Бармен', 700.00);

INSERT INTO MenuCategories (name, is_active) VALUES 
('Холодные напитки', 1),
('Горячие напитки', 1),
('Алкогольные напитки', 1),
('Закуски', 1),
('Супы', 1),
('Основные блюда', 1),
('Десерты', 1);

INSERT INTO OrderStatuses (name) VALUES 
('В ожидании'),
('Готовится'),
('Готов'),
('Подан'),
('Завершён'),
('Отменён');

INSERT INTO Shifts (name, start_time, end_time) VALUES 
('Утренняя', '08:00:00', '16:00:00'),
('Дневная', '12:00:00', '20:00:00'),
('Вечерняя', '16:00:00', '00:00:00'),
('Ночная', '00:00:00', '08:00:00');

INSERT INTO SupplyStatuses (name) VALUES 
('Заказано'),
('В пути'),
('Доставлено'),
('Отменено');

INSERT INTO DeliveryStatuses (name) VALUES 
('Собирается'),
('Назначен курьер'),
('Забран'),
('В пути'),
('Доставлен'),
('Отменён');

INSERT INTO DineInStatuses (name) VALUES
('Ожидание'),
('Подано');

INSERT INTO PaymentTypes (name, is_active) VALUES 
('Наличные', 1),
('Банковская карта', 1),
('QR код', 1);

INSERT INTO LoyaltyTransactionTypes (name) VALUES 
('Начисление'),
('Списание'),
('Сгорание');

INSERT INTO Units (name) VALUES 
('кг'),
('г'),
('л'),
('мл'),
('шт'),
('уп'),
('бутылка'),
('стакан');

INSERT INTO IngredientOperationTypes (name) VALUES 
('Закупка'),
('Использование'),
('Возврат');

INSERT INTO FinancialTransactionTypes (name) VALUES 
('Доход'),
('Расход');

INSERT INTO FinancialTransactionsCategories (name) VALUES 
('Продажи'),
('Заработная плата'),
('Закупка ингредиентов'),
('Аренда'),
('Маркетинг'),
('Обслуживание'),
('Налоги'),
('Прочее');

INSERT INTO LoyaltyTiers (name, min_spent, discount_percent, cashback_percent) VALUES 
('Микрочелик', 0.00, 0.00, 5.00),
('Челик', 2500.00, 5.00, 5.00),
('Типок', 5000.00, 10.00, 10.00),
('Типсон', 10000.00, 15.00, 15.00);

INSERT INTO Suppliers (name, phone, email, address, is_active) VALUES 
('ООО Мясорубка', '+7(495)123-45-67', 'meat@gmail.com', 'г. Новобобёрск, ул. Сельдереевская 35', 1),
('ИП Косолапов', '+7(916)789-45-12', 'kosolapov@gmail.com', 'г. Новобобёрск, ул. Ярмолаева 12', 1),
('ООО Тессеракт', '+7(495)987-65-43', 'tesseract@gmail.com', 'г. Новобобёрск, ул. Боробенко 17', 1);

INSERT INTO CourierCompanies (name) VALUES 
('Быстро и некачественно'),
('Страусиные курьеры'),
('Развоз');

INSERT INTO Couriers (first_name, last_name, phone, is_free, company_id) VALUES 
('Олег', 'Горбатый', '+7(916)111-22-33', 1, 1),
('Олег', 'Усатый', '+7(916)222-33-44', 1, 2),
('Олег', 'Бородатый', '+7(916)333-44-55', 1, 3);

INSERT INTO Employees (role_id, first_name, last_name, phone, email, hire_date, is_active) VALUES 
(1, 'Алексей', 'Бизнесменович', '+7(777)777-77-77', 'alex@business.com', '2026-03-01', 1),
(2, 'Максим', 'Рыбинский', '+7(777)777-00-99', 'maxfish@gmail.com', '2026-03-01', 1),
(3, 'Дроп', 'Датабейсович', '+7(000)000-00-01', 'dropdatabase@gmail.com', '2026-03-01', 1),
(4, 'Алиса', 'Кий', '+7(435)764-65-11', 'alicekey@gmail.com', '2026-03-01', 1),
(4, 'Бобёр', 'Платинов', '+7(665)757-222-75', 'boberplat@gmail.com', '2026-03-01', 1),
(5, 'Коробок', 'Спичечный', '+7(754)757-74-17', 'korobok@gmail.com', '2026-03-01', 1),
(5, 'Плюсовик', 'Горошич', '+7(010)101-01-01', 'plusovik@gmail.com', '2026-03-01', 1),
(6, 'Ватрун', 'Максимов', '+7(115)114-25-84', 'vatmax@gmail.com', '2026-03-01', 1);

INSERT INTO Tables (number, capacity, location, is_available) VALUES 
(1, 4, 'Зал', 1),
(2, 4, 'Зал', 1),
(3, 6, 'Зал', 1),
(4, 6, 'Зал', 1),
(5, 10, 'VIP зона', 1),
(6, 2, 'Барная стойка', 1),
(7, 2, 'Барная стойка', 1),
(8, 4, 'Терраса', 1),
(9, 4, 'Терраса', 1),
(10, 6, 'Подвал', 1),
(11, 6, 'Подвал', 1);

INSERT INTO Customers (phone, first_name, last_name, email, birth_date, total_spent, total_orders, last_achieved_tier_id) VALUES 
('+79161234567', 'Наташа', 'Дифференциал', 'difnat@gmail.com', '2000-05-15', 12500.00, 12, 4),
('+79162345678', 'Маша', 'Интеграл', 'mashint@gmail.com', '2001-09-23', 8700.00, 8, 3),
('+79163456789', 'Каша', 'Производная', 'kashader@gmail.com', '2002-03-10', 3200.00, 5, 2);

INSERT INTO Ingredients (name) VALUES 
('Говядина'),
('Картофель'),
('Молоко'),
('Мука'),
('Кола'),
('Кофе в зернах'),
('Вино'),
('Булка'),
('Сыр'),
('Салат');

INSERT INTO IngredientInventory (ingredient_id, unit_id, quantity) VALUES 
(1, 2, 15000.000),
(2, 2, 25000.000),
(3, 4, 10000.000),
(4, 2, 8000.000),
(5, 4, 20000.000),
(6, 2, 2500.000),
(7, 4, 22500.000),
(8, 5, 50.000),
(9, 2, 5000.000),
(10, 2, 3000.000);

INSERT INTO MenuItems (category_id, name, description, price, calories, is_available) VALUES 
(1, 'Кола', 'о', 150.00, 150, 1),
(2, 'Кофе', 'о', 180.00, 120, 1),
(3, 'Вино', 'о', 350.00, 200, 1),
(4, 'Картофель три', 'о', 250.00, 320, 1),
(5, 'Крутой суп', 'о', 280.00, 180, 1),
(6, 'Пятиэтажный бургер', 'о', 450.00, 650, 1),
(7, 'Сырный торт', 'о', 320.00, 380, 1);

INSERT INTO RecipeItems (menu_item_id, ingredient_id, unit_id, quantity) VALUES 
(6, 1, 2, 150.000),
(6, 8, 5, 1.000),
(6, 9, 2, 30.000),
(6, 10, 2, 20.000),
(4, 2, 2, 200.000),
(2, 6, 2, 10.000),
(2, 3, 4, 150.000),
(1, 5, 4, 250.000),
(3, 7, 4, 500.000),
(5, 2, 2, 100.000),
(5, 4, 2, 30.000),
(7, 4, 2, 50.000),
(7, 9, 2, 80.000),
(7, 3, 4, 100.000);

INSERT INTO SupplierPrices (supplier_id, ingredient_id, unit_id, price_per_unit) VALUES 
(1, 1, 2, 0.60),
(1, 2, 2, 0.05),
(2, 3, 4, 0.08),
(2, 4, 2, 0.045),
(3, 5, 4, 0.12),
(3, 6, 2, 1.50),
(3, 7, 4, 0.27),
(2, 8, 5, 25.00),
(1, 9, 2, 0.55),
(2, 10, 2, 0.18);

INSERT INTO FinancialTransactions (transaction_type_id, amount, transaction_date, description, category_id) VALUES 
(2, 50000.00, '2026-04-01 10:00:00', 'Аренда за апрель', 4),
(2, 15000.00, '2026-04-03 14:30:00', 'Закупка ингредиентов', 3),
(1, 1250.00, '2026-04-05 20:00:00', 'Оплата заказа #1', 1),
(1, 890.00, '2026-04-05 20:45:00', 'Оплата заказа #2', 1),
(2, 8000.00, '2026-04-10 11:00:00', 'Маркетинг', 5),
(1, 1550.00, '2026-04-12 21:30:00', 'Оплата заказа #3', 1),
(1, 320.00, '2026-04-12 21:30:00', 'Оплата заказа #4', 1);

INSERT INTO SupplierOrders (supplier_id, employee_id, order_date, delivery_date, status_id, total_cost, financial_transaction_id) VALUES 
(1, 2, '2026-04-02 09:00:00', '2026-04-03 14:00:00', 3, 12500.00, 2),
(2, 2, '2026-04-08 10:30:00', '2026-04-09 12:00:00', 3, 5200.00, NULL),
(3, 2, '2026-04-15 11:00:00', '2026-04-16 16:00:00', 2, 8900.00, NULL);

INSERT INTO SupplierOrderItems (supplier_order_id, ingredient_id, unit_id, quantity, price_per_unit, total_cost) VALUES 
(1, 1, 2, 10000.000, 0.60, 6000.00),
(1, 2, 2, 50000.000, 0.05, 2500.00),
(1, 9, 2, 8000.000, 0.55, 4400.00),
(2, 3, 4, 40000.000, 0.08, 3200.00),
(2, 4, 2, 30000.000, 0.045, 1350.00),
(2, 8, 5, 26.000, 25.00, 650.00),
(3, 5, 4, 50000.000, 0.12, 6000.00),
(3, 7, 4, 10000.000, 0.27, 2700.00),
(3, 6, 2, 600.000, 1.50, 900.00);

INSERT INTO Orders (customer_id, status_id, payment_type_id, total_cost, to_pay, comment, created_at, closed_at, financial_transaction_id) VALUES 
(1, 6, 2, 1250.00, 1250.00, 'Помедленнее', '2026-04-05 18:30:00', '2026-04-05 20:00:00', 3),
(2, 6, 1, 890.00, 890.00, NULL, '2026-04-05 19:15:00', '2026-04-05 20:45:00', 4),
(3, 5, 2, 1550.00, 1550.00, 'Побыстрее', '2026-04-12 20:00:00', '2026-04-12 21:30:00', 6),
(1, 4, 3, 320.00, 320.00, NULL, '2026-04-12 21:00:00', '2026-04-12 23:00:00', 7),
(NULL, 1, 2, 450.00, 450.00, NULL, '2026-04-15 14:30:00', NULL, NULL);

INSERT INTO OrderItems (order_id, menu_item_id, item_cost, quantity, created_at, cooked_at) VALUES 
(1, 6, 450.00, 1, '2026-04-05 18:30:00', '2026-04-05 19:00:00'),
(1, 4, 250.00, 1, '2026-04-05 18:30:00', '2026-04-05 19:10:00'),
(1, 1, 150.00, 2, '2026-04-05 18:30:00', '2026-04-05 18:45:00'),
(1, 7, 320.00, 1, '2026-04-05 19:30:00', '2026-04-05 19:50:00'),
(2, 4, 250.00, 1, '2026-04-05 19:15:00', '2026-04-05 19:45:00'),
(2, 2, 180.00, 2, '2026-04-05 19:15:00', '2026-04-05 19:30:00'),
(2, 7, 320.00, 1, '2026-04-05 20:00:00', '2026-04-05 20:20:00'),
(3, 6, 450.00, 2, '2026-04-12 20:00:00', '2026-04-12 20:30:00'),
(3, 4, 250.00, 1, '2026-04-12 20:00:00', '2026-04-12 20:25:00'),
(3, 3, 350.00, 1, '2026-04-12 20:00:00', '2026-04-12 20:15:00'),
(4, 7, 320.00, 1, '2026-04-12 21:00:00', '2026-04-12 21:20:00'),
(5, 6, 450.00, 1, '2026-04-15 14:30:00', NULL);

INSERT INTO Deliveries (order_id, address, courier_id, delivery_status_id) VALUES 
(3, 'г. Новобобёрск, ул. Рыбинская 15, кв 42', 2, 5),
(5, 'г. Новобобёрск, ул. Васянская 8, кв 10', 1, 1);

INSERT INTO DineIns (order_id, table_id, employee_id, status_id) VALUES 
(1, 3, 7, 2),
(2, 1, 6, 2),
(4, 6, 6, 1);

INSERT INTO TableReservations (table_id, customer_phone, reservation_date, reservation_time, duration_minutes, created_by_employee_id) VALUES 
(5, '+79161234567', '2026-04-20', '19:00:00', 120, 6),
(10, '+79162345678', '2026-04-25', '18:30:00', 90, 7),
(3, '+79163456789', '2026-04-18', '14:00:00', 120, 6);

INSERT INTO IngredientOperations (employee_id, created_at) VALUES 
(4, '2026-04-03 15:00:00'),
(4, '2026-04-09 10:30:00'),
(5, '2026-04-05 22:00:00'),
(5, '2026-04-12 23:00:00'),
(4, '2026-04-16 11:00:00');

INSERT INTO IngredientOperationItems (operation_id, ingredient_id, operation_type_id, unit_id, amount) VALUES 
(1, 1, 1, 2, 10000.000),
(1, 2, 1, 2, 50000.000),
(1, 9, 1, 2, 8000.000),
(2, 3, 1, 4, 40000.000),
(2, 4, 1, 2, 30000.000),
(2, 8, 1, 5, 26.000),
(3, 1, 2, 2, 1500.000),
(3, 2, 2, 2, 3200.000),
(3, 8, 2, 5, 4.000),
(4, 1, 2, 2, 3000.000),
(4, 9, 2, 2, 1200.000),
(5, 5, 1, 4, 50000.000),
(5, 7, 1, 4, 10000.000);

INSERT INTO EmployeeSchedules (employee_id, shift_id, work_date, is_working) VALUES 
(1, 1, '2026-04-01', 1),
(1, 1, '2026-04-02', 1),
(2, 2, '2026-04-01', 1),
(2, 2, '2026-04-02', 1),
(3, 2, '2026-04-01', 1),
(3, 3, '2026-04-02', 1),
(4, 2, '2026-04-01', 1),
(4, 2, '2026-04-02', 1),
(5, 2, '2026-04-01', 1),
(5, 3, '2026-04-02', 1),
(6, 2, '2026-04-01', 1),
(6, 3, '2026-04-02', 1),
(7, 3, '2026-04-01', 1),
(7, 3, '2026-04-02', 1),
(8, 3, '2026-04-01', 1),
(8, 3, '2026-04-02', 1);

INSERT INTO TimeTrackers (employee_id, check_in, check_out) VALUES 
(4, '2026-04-01 11:55:00', '2026-04-01 20:10:00'),
(4, '2026-04-02 11:50:00', '2026-04-02 20:05:00'),
(5, '2026-04-01 12:00:00', '2026-04-01 23:30:00'),
(5, '2026-04-02 11:45:00', '2026-04-03 00:15:00'),
(6, '2026-04-01 11:50:00', '2026-04-01 20:00:00'),
(7, '2026-04-01 15:55:00', '2026-04-02 00:10:00'),
(7, '2026-04-02 16:00:00', '2026-04-03 00:05:00');

INSERT INTO LoyaltyTransactions (customer_id, order_id, points_amount, transaction_type_id, description, created_at) VALUES 
(1, 1, 62.50, 1, '5% кешбэк с заказа 1250 рублей', '2026-04-05 20:00:00'),
(2, 2, 44.50, 1, '5% кешбэк с заказа 890 рублей', '2026-04-05 20:45:00'),
(1, 3, 232.50, 1, '15% кешбэк с заказа 1550 рублей', '2026-04-12 21:30:00'),
(1, NULL, 100.00, 2, 'Списание за бонусную позицию', '2026-04-10 15:00:00');

INSERT INTO Salaries (employee_id, period_start, period_end, base_salary, bonuses, deductions, total_paid, total_hours, payment_date, is_paid, financial_transaction_id) VALUES 
(4, '2026-04-01', '2026-04-30', 12000.00, 2000.00, 500.00, 13500.00, 160, '2026-05-05', 0, NULL),
(5, '2026-04-01', '2026-04-30', 18000.00, 3000.00, 1000.00, 20000.00, 180, '2026-05-05', 0, NULL),
(6, '2026-04-01', '2026-04-30', 10000.00, 1500.00, 500.00, 11000.00, 160, '2026-05-05', 0, NULL),
(7, '2026-04-01', '2026-04-30', 10000.00, 2500.00, 500.00, 12000.00, 170, '2026-05-05', 0, NULL);